Power_mean,Amplitude_mean,Weighted_Mean_Frequency_mean,Power_std,Amplitude_std,Weighted_Mean_Frequency_std,Power_median,Amplitude_median,Weighted_Mean_Frequency_median,Genre
4928412736.923792,511.51694190937695,15109.128810120728,4598068770.661783,0.5205242435218743,9344.090659600903,3761178267.626203,511.68209424971866,12799.660516826985,blues
2424601075.016005,509.98362299282763,7681.085569753973,4019975327.903164,2.8263690687874883,5609.34594061051,1133431682.9981093,510.8650094002272,5828.747687838459,blues
2710502622.4058213,511.3479531170905,7578.107709786824,4237599912.1490784,0.7062573977713898,5884.413639045987,1171599141.045521,511.56272614098646,5919.4615007051525,blues
10860614821.7724,511.42222305966106,19443.25432269299,14685438828.882305,0.7534861599791386,10853.812671168756,6530144933.823579,511.63752885839466,17095.470273510786,blues
16346078590.511726,511.591485976286,32310.267322408385,10584856290.931154,0.4551333750919612,11202.827807199734,13953339438.583738,511.7121092809689,31188.41553963279,blues
1527263238.3426085,511.49550038436007,7482.668168971153,1862885996.1777298,0.6367678893067851,5137.348888538205,889658006.5939009,511.6947693515227,6207.947713787134,blues
18397819907.201305,511.4451677034807,30761.17363022573,12095429943.48149,0.5881151878325714,13194.824412120015,15617487140.896217,511.63001371183014,28511.74873054379,blues
7666599362.424268,511.69466255239365,33867.73530838656,6011896781.969772,0.2755966142639567,16456.36202288687,5568054854.308817,511.7813665086941,31109.79072591134,blues
7259384402.7971,511.289302015748,23807.483400160632,9099052350.579344,0.7601782050277082,20453.971291668193,2341710722.6183367,511.5037655295923,13694.618626906074,blues
