Power_mean,Amplitude_mean,Weighted_Mean_Frequency_mean,Power_std,Amplitude_std,Weighted_Mean_Frequency_std,Power_median,Amplitude_median,Weighted_Mean_Frequency_median,Genre
4134720239.548955,510.88553991307356,13798.51500248939,3844429789.19969,1.1369927424002693,8564.169503919808,3170652314.17779,511.2873569718175,11641.117509464224,blues
2036179933.648427,509.9361683691643,7010.8428944367915,3374463364.260103,2.7897845190120463,5136.936605333878,960299767.8886719,510.7555518975116,5353.487487409373,blues
2274778256.5368395,511.14116309984064,6879.684707888694,3559274835.420151,0.9322427836576237,5341.658990974053,974710487.3859203,511.41914510214343,5365.559056944305,blues
9102493373.15491,510.830168392373,17770.72315363173,12286309066.43713,1.0755260260940744,9932.33923723292,5433168281.400362,511.1132521488005,15689.25000825446,blues
13721577319.78862,511.27975322625986,29555.808057085087,8869228960.4596,0.7075118864141597,10264.120594906293,11760944691.40718,511.48810907632736,28430.263269634626,blues
1278924458.1305358,511.4493725127661,6830.533226952044,1557738029.0623863,0.6739035929587405,4705.042641481846,742948843.1256123,511.66235183485105,5660.099469508847,blues
15434102710.785639,511.08770433846036,28112.538848369804,10134607938.961567,0.7924487503572574,12073.337128982552,13084417980.106525,511.31271542172686,26126.834475490174,blues
6430357938.77864,511.58778771992917,31003.85080264713,5025941581.924842,0.3964989276849676,15040.987312477673,4660581885.712282,511.7188220492758,28443.223727973025,blues
6080818066.236388,511.23012604354534,21760.169125062344,7617692756.027053,0.82156398477304,18705.05292359119,1955481439.1268816,511.5150510104882,12380.703542044328,blues
