Power_mean,Amplitude_mean,Weighted_Mean_Frequency_mean,Power_std,Amplitude_std,Weighted_Mean_Frequency_std,Power_median,Amplitude_median,Weighted_Mean_Frequency_median,Genre
4655534457.550305,511.5168275849353,14770.42842533401,4384405481.9630165,0.5192531544353024,9102.02181088463,3539095240.5973854,511.6800671695155,12524.13757128405,blues
2290104118.149069,509.9392557513651,7520.325923616231,3819495159.7569714,3.0228995167167687,5517.585887720307,1061369290.8818698,510.870758501854,5666.341855051136,blues
2560388052.582573,511.3102501665247,7450.735322293021,4029991743.3313675,0.8091786532125443,5803.832471571413,1109133234.085153,511.56279896975747,5793.584075308176,blues
10231147249.150545,511.4298014896642,19113.897460845405,13909637436.290808,0.7539036609755079,10671.637192997272,6148093853.337587,511.631159019544,16824.745856599497,blues
15436724497.928717,511.57387535365933,31695.708373735273,10078983733.793192,0.48990833597685757,11005.985479691708,13208851519.27796,511.71981724313434,30700.46264466176,blues
1441455468.0305457,511.5050728397426,7360.347152810892,1765680188.6002352,0.6523492395508299,5030.116860153953,825413887.8785672,511.7189223897081,6141.21955216582,blues
17353891675.557117,511.4473210387107,30088.214724728914,11467785151.797142,0.5807287763643009,12903.775056081113,14742520628.335926,511.641315610901,27966.76837313977,blues
7240322000.3654995,511.6659625940931,33032.11594658235,5733688140.141293,0.32067471475768883,16108.133680807878,5237273765.327921,511.75622307670466,30438.647054225905,blues
6859899011.055243,511.31176601608934,23292.100236657934,8618931712.028131,0.7576851444972665,20019.93234324964,2220716933.292302,511.5383715277839,13428.00929230409,blues
