Power_mean,Amplitude_mean,Weighted_Mean_Frequency_mean,Power_std,Amplitude_std,Weighted_Mean_Frequency_std,Power_median,Amplitude_median,Weighted_Mean_Frequency_median,Genre
878767011.7638081,509.64377951400235,8211.87985049851,876831870.6869828,2.6105704839662343,3498.7553598098148,633767942.756281,510.39755835100163,8068.828804926854,classical
3128897499.465641,510.1801523291777,8991.069807551246,2904271277.9769025,2.273968697025267,4158.145012892891,2218493566.624604,510.7004620178466,8772.099064330545,classical
3144289269.44437,511.02575770676646,12145.735568853303,4441741237.024363,0.7185851150283126,5194.911825853681,1625325194.6978936,511.18086858364956,11476.569606232553,classical
101066739.86632518,502.5300239602909,2521.563665288652,129763866.48183678,12.648826159425138,1593.5083284944308,66552293.36103253,507.4539506095368,2668.428439187418,classical
150763540.36993504,502.3959890020304,2219.5011594608973,419598337.55757695,9.841945875513451,2759.179936569673,29033716.790024932,504.9271843627188,1400.9255700806812,classical
1475973004.3524492,510.4887150347486,11844.657065768302,1476439933.868535,1.5054480173118894,5997.812790568063,1062179083.5322864,510.84166607301216,11438.824284560751,classical
662584083.2109394,509.9495555325478,5628.4391950752515,1385427246.5729423,1.3313716253668104,2342.234816101855,336999480.44786143,510.1330938872643,5168.76528741439,classical
430791722.83549035,508.4861373787468,5570.3577706923625,581184150.1002682,5.306292646288273,3528.998061284615,205117297.15967357,510.0514593757744,4756.737499524861,classical
41921076.889479,505.06813654545056,1942.475560088674,19269783.03830494,5.08422598673997,396.4208327306892,37397693.41065179,505.74872252266624,1898.3037551961845,classical
