Power_mean,Amplitude_mean,Weighted_Mean_Frequency_mean,Power_std,Amplitude_std,Weighted_Mean_Frequency_std,Power_median,Amplitude_median,Weighted_Mean_Frequency_median,Genre
1047750776.608854,509.5906790979447,8949.022183223888,1046716828.8792038,2.6388572846259875,3816.836366153537,750928715.2168276,510.3414707574422,8768.031567964481,classical
3731443531.5159235,510.2148617911273,9835.762718511729,3470063796.471653,2.2790669217387407,4555.960868601881,2632445908.7783055,510.7730843067584,9601.099258738062,classical
3747927219.6232786,511.0463457551665,13262.7248943874,5303201823.28455,0.6781951288810565,5684.230647320998,1925485227.3596897,511.19217261478974,12486.405400455948,classical
120488554.7813365,502.5776724525342,2763.155399527673,155018319.32656595,12.688655649062346,1747.3612341142534,79219001.25999749,507.7068784836866,2926.5237586774874,classical
179917502.88956323,502.44731354291787,2419.699088218774,501200372.8661214,9.782322518453551,3020.695098791501,34710277.79728769,505.0074822335789,1537.0604340519262,classical
1759961913.127841,510.57845062353226,12950.387486414236,1760885623.9057102,1.4980536659755348,6570.925222133896,1262906352.1585505,510.98796750832173,12465.185153728731,classical
789855411.1619862,509.9868477519678,6148.330892071651,1656024779.301471,1.3412579978962191,2561.5416846453095,396247524.6846227,510.2163812310316,5680.414179114814,classical
513451086.86554974,508.4596938811131,6067.773919051106,693480582.5278925,5.387423600836372,3834.4626656903356,244728230.47424382,510.0605909649122,5219.278981279775,classical
49988197.76207814,504.97026769364766,2125.6275284714525,22935678.668472007,5.186983911352209,432.5041431237795,44751152.5873917,505.63197301621744,2075.761812933736,classical
