Power_mean,Amplitude_mean,Weighted_Mean_Frequency_mean,Power_std,Amplitude_std,Weighted_Mean_Frequency_std,Power_median,Amplitude_median,Weighted_Mean_Frequency_median,Genre
988865846.9331793,509.433736553962,8831.90133866597,990009612.3178818,2.7797583011682705,3767.5028065790016,711598902.0757605,510.22090238752565,8675.656411007578,classical
3521927207.567056,510.22790386145664,9634.931878231753,3285520067.8067713,2.305433960427214,4524.429053804686,2456687450.7837744,510.80902083562705,9418.484585383958,classical
3535803410.9442077,511.0982842910905,13051.011812055545,5021096425.909615,0.6658731935789124,5640.343681357726,1836444905.6132045,511.2582400625044,12302.179406293439,classical
113648626.8641219,502.80673196128123,2725.4156463592426,146308395.59416923,12.77858126315118,1730.3123990159968,74753116.40657191,507.80191278105497,2884.6334927200105,classical
169701480.19972512,502.70908807647305,2381.2216063535957,473428271.7430467,9.785742879069074,2965.390163450847,32757315.959596336,505.4349634662232,1507.1835487380563,classical
1660509850.750819,510.6168314560807,12722.44758256154,1662575247.8661451,1.5095685869040243,6461.9517649475265,1190684131.853318,511.0358283327317,12268.485208829745,classical
745120560.6815859,510.099389222456,6060.077736526997,1565664005.2552497,1.3555935061950823,2533.780956856053,372695833.12303376,510.35843977171487,5599.525412462096,classical
484350190.15817106,508.413464040576,5979.992684958922,655796026.7804486,5.566375531239693,3788.4617957249425,231242456.0160753,510.10377795462506,5151.886144395777,classical
47165984.8012652,504.65018900744985,2098.09951137698,21758496.709056027,5.361874148012036,427.83672686159906,42295442.36435522,505.2906246736923,2050.5994350764336,classical
