Power_mean,Amplitude_mean,Weighted_Mean_Frequency_mean,Power_std,Amplitude_std,Weighted_Mean_Frequency_std,Power_median,Amplitude_median,Weighted_Mean_Frequency_median,Genre
3983505148.3719754,511.6276651178628,16812.845346049286,3922779427.321778,0.4522096118384064,9696.687242077409,3074198463.260022,511.81698617582714,15195.40845133249,country
13147733229.652344,511.54685024442915,46117.54907849457,7520803147.631649,0.5466996591608935,13186.948252023429,11564780506.249031,511.7700192526806,43768.32714800663,country
4249238438.7158275,511.94822289767103,15506.084476269209,3522030397.576024,0.06084281119308318,8003.248122020327,3523499190.433077,511.9665488527961,14416.818780623467,country
18751522910.650665,511.60398879677905,39052.354416106835,11418084577.447021,0.5237065551821299,15755.220735758101,15706769441.64452,511.7780560048842,35614.70831712542,country
14806173683.339573,511.6587791965597,31423.82698227117,12536099517.908237,0.5263241046451358,14819.586153063008,12234895208.837326,511.8439825975325,29476.751661365182,country
21412638912.28811,511.63342766280005,49021.86835175182,13023344829.929588,0.41595024858913515,19797.443641525464,17766298130.41791,511.7605404858308,45146.601901950155,country
10844976429.9617,511.5854296536697,27943.235336811293,7570330275.408842,0.5093941768420835,14318.699684030786,9847216135.665146,511.7874012009065,26733.546193682625,country
14304717309.497377,511.7112222740965,29370.49387143343,10818285409.841291,0.45539287620215324,12105.454255820317,11657710380.321457,511.85470579752376,28445.5697222445,country
21509682143.263195,511.7296735780821,53111.76498899126,15848495356.192076,0.36621850074343826,21600.78357803554,16441539323.136883,511.85226121828464,50118.17595319823,country
