Power_mean,Amplitude_mean,Weighted_Mean_Frequency_mean,Power_std,Amplitude_std,Weighted_Mean_Frequency_std,Power_median,Amplitude_median,Weighted_Mean_Frequency_median,Genre
4225795901.399088,511.7503880721544,17107.67844009357,4153665493.151092,0.33808385387087725,9924.431537216593,3257594952.573234,511.8592545537996,15404.630894162623,country
13939426551.934492,511.59314822010214,47143.21764114569,7827295837.344214,0.48848084513234385,13443.431010134444,12235126552.305943,511.7857610115624,44814.591659219914,country
4503712987.747454,511.8697121608826,15701.087621519182,3729319703.66657,0.11633320292765284,8138.301753520148,3730958849.823035,511.9040063242446,14594.59753631016,country
19882628780.06348,511.63700649786796,39757.01844706068,12039100723.505054,0.44280491601468724,16111.075456553634,16641861103.18345,511.77724648487344,36251.15404004109,country
15683623496.22035,511.6941109817391,31936.120175694134,13190225354.000095,0.4423744820074163,15167.667153592594,13017254208.205841,511.8402296219742,29967.047515732174,country
22652639008.575916,511.6845964587982,49815.18196375895,13715081608.143702,0.38072945515003875,20218.462023233078,18955715236.893227,511.8243606270158,45821.73530233717,country
11489509433.06706,511.77458806461055,28384.250666311746,7990048159.971411,0.29336054480504586,14657.88467258387,10404890918.382076,511.85681299900983,27157.541100388207,country
15157001862.438456,511.7066587142287,29747.792007698976,11386352096.389824,0.41173752175869716,12340.228449131282,12338394098.545914,511.825451312594,28644.225167318218,country
22826672830.57323,511.746621173237,54328.0053645275,16694402870.54177,0.3196335702487261,22096.632969274062,17422075145.414017,511.8515346854943,51374.07772471268,country
