Power_mean,Amplitude_mean,Weighted_Mean_Frequency_mean,Power_std,Amplitude_std,Weighted_Mean_Frequency_std,Power_median,Amplitude_median,Weighted_Mean_Frequency_median,Genre
3544546158.30344,511.4376898379002,15637.234139972858,3485247029.598436,0.763192986071698,9102.43735855113,2733830007.013073,511.74330792428555,14059.188067275722,country
11685460104.171612,511.5052893745441,43105.89948847811,6509560675.308405,0.5556852299810074,12265.13045958598,10310723250.455112,511.71809284438524,40940.35592276788,country
3777568498.893912,511.8237300582336,14387.59667452704,3124632374.513609,0.17903218913157204,7471.506247657128,3115127878.6495705,511.8721591906593,13449.26480097737,country
16670589173.855639,511.3226052137786,36332.32360555791,10067898017.041508,0.6209293943478802,14736.318249080545,13936539236.427305,511.5045423141274,33009.77104759698,country
13132932889.224495,511.3926734414118,29184.59273804302,11030375319.574125,0.8344527458443989,13873.230614656366,10882465261.319874,511.7191617755619,27272.54802573241,country
18980225168.08229,511.52350383547525,45538.301880062936,11463383957.828003,0.46751333764769487,18517.43477457928,15911005821.718075,511.66397536322614,41781.043311627596,country
9641033349.4989,511.16185712934083,25951.4098116212,6706095747.6167345,0.8949804712002335,13426.775243339478,8670369819.24626,511.4402390459171,24679.136884787215,country
12716646008.734594,511.4272186750936,27212.23060749128,9537475554.631277,0.6980336350161395,11298.00165140855,10350300833.164082,511.7054354698736,26245.8922264425,country
19148425311.601383,511.5958023499301,49723.8863644326,13951099615.828367,0.49471709826106747,20178.90193466751,14648805337.49549,511.7758897543522,46819.83315765081,country
