Power_mean,Amplitude_mean,Weighted_Mean_Frequency_mean,Power_std,Amplitude_std,Weighted_Mean_Frequency_std,Power_median,Amplitude_median,Weighted_Mean_Frequency_median,Genre
17853668776.32099,510.80187170736724,36969.52375374416,29072540950.594723,1.0381999704724274,30765.743551428448,7669175917.664274,511.09080426750745,26453.594469607317,disco
5627146544.593277,509.8488136866803,25846.0032822654,4989378987.09446,1.0472301756366726,11907.111516660212,3768373732.4541655,510.0207023747721,22820.18851388172,disco
11885112905.944477,511.63394907557745,38891.39834796162,12737622758.165098,0.356065093030143,21432.346810195148,8390890925.120368,511.7393020963928,33597.8736188874,disco
4716327971.01398,511.60140480432676,22856.84343755133,4268928368.9215136,0.2983666957692168,9554.806693089384,3287696819.0914555,511.6538474665293,20978.869949025357,disco
5428791899.57181,511.5884268337915,21167.903202794867,6359519715.938309,0.6704564010118451,13544.857552212421,2139823565.2825785,511.7365049815449,18246.73088074587,disco
4447441347.156724,511.6623800817992,23675.189413047217,5109857337.341109,0.35080531209760524,12817.131696316299,2623887201.7421274,511.7771541362354,20528.209406094138,disco
6039773955.281961,511.75079318778376,25487.16211933337,7513913236.851535,0.22855689741935684,13726.970625688047,3425817538.597048,511.81431361902077,22809.648062659282,disco
7251542325.009935,511.8475708543841,31475.67228629866,6789986907.449391,0.1600914325363922,13679.101123464001,5307673574.984604,511.8929249228402,29963.261712308064,disco
7251542325.009935,511.8475708543841,31475.67228629866,6789986907.449391,0.1600914325363922,13679.101123464001,5307673574.984604,511.8929249228402,29963.261712308064,disco
