Power_mean,Amplitude_mean,Weighted_Mean_Frequency_mean,Power_std,Amplitude_std,Weighted_Mean_Frequency_std,Power_median,Amplitude_median,Weighted_Mean_Frequency_median,Genre
16866708405.239819,510.84609431905,36025.271738624084,27779823585.880775,0.9951379101341695,29897.131724600174,7186170457.258835,511.09744924345085,25787.281270124142,disco
5314865392.779464,509.93946469475026,25230.464168999784,4758022946.151068,1.0658207843062186,11625.182574619843,3531149456.1431704,510.1008641586063,22298.75413861136,disco
11217974987.848131,511.62421759169183,37882.97804823943,12176791991.60965,0.3679593491991684,20893.17028824553,7868290324.262201,511.7374046494824,32700.626876136823,disco
4450631796.242344,511.60330013636184,22318.27683494216,4078335732.969358,0.3092822886776403,9317.699311001932,3116841979.42033,511.6702696429791,20530.574754870293,disco
5120733406.0677185,511.5849872944795,20589.9669690974,6034764135.993849,0.6736525280252402,13211.178372037342,1967376020.2943351,511.7520589903893,17573.416416241816,disco
4197958381.0266356,511.487164867544,23069.74320970627,4851895515.683609,0.5355570734725215,12507.894356892231,2478499346.448749,511.66022489644695,19905.022923852484,disco
5694976054.08042,511.6992672537892,24855.456432205832,7132796871.522276,0.32403315991993276,13446.906560144007,3206406547.8891582,511.8012211737656,22283.328896497405,disco
6841606679.552412,511.8540520287217,30624.926455688103,6467868469.627815,0.16052264062573604,13373.411950809714,4995814286.619736,511.90947840332143,29277.036802933108,disco
6841606679.552412,511.8540520287217,30624.926455688103,6467868469.627815,0.16052264062573604,13373.411950809714,4995814286.619736,511.90947840332143,29277.036802933108,disco
