Power_mean,Amplitude_mean,Weighted_Mean_Frequency_mean,Power_std,Amplitude_std,Weighted_Mean_Frequency_std,Power_median,Amplitude_median,Weighted_Mean_Frequency_median,Genre
14956052228.650805,510.70867730044,33799.17947735694,24251242917.88287,1.086246245322116,28126.739566568733,6442316580.616686,510.9598236937276,24119.296326796954,disco
4715839166.009195,509.81656284875515,23640.2752748344,4167649677.1613765,1.1831093331082319,10885.83305487461,3162197658.2405114,509.92668844338635,20913.79917133716,disco
9964776538.721443,511.5831865951812,35603.597765742874,10637460596.018164,0.3968475337361804,19572.23139466203,7006579289.495338,511.69617190405745,31047.604593004995,disco
3955894570.132745,511.2414135006439,20924.262999560666,3565574771.2979875,0.6833608246480771,8749.319498945517,2753185147.892865,511.4569569589107,19203.518637065477,disco
4556474770.362666,511.34320869352234,19431.21742354206,5329444897.744302,0.8554310189248452,12417.561983655285,1806279902.2964754,511.60128880826613,16865.918744484185,disco
3726601296.966491,511.4703760221613,21676.69774354184,4267895346.9481626,0.5101474305983148,11732.662089838865,2217850647.1457744,511.6277580438942,18769.79218046327,disco
5070306608.294471,511.2931325143653,23363.81699771307,6298246773.54793,0.6744083453087792,12545.903152185516,2879604304.5077505,511.5159415514127,21040.97784165891,disco
6075357293.586292,511.7132686443067,28840.04431358282,5663441126.069368,0.3239447931801128,12499.506624212454,4438007548.192053,511.82428548365283,27403.985544429517,disco
6075357293.586292,511.7132686443067,28840.04431358282,5663441126.069368,0.3239447931801128,12499.506624212454,4438007548.192053,511.82428548365283,27403.985544429517,disco
