Power_mean,Amplitude_mean,Weighted_Mean_Frequency_mean,Power_std,Amplitude_std,Weighted_Mean_Frequency_std,Power_median,Amplitude_median,Weighted_Mean_Frequency_median,Genre
5401974212.408304,511.4322378713836,26149.605784927622,5438435641.808213,0.5430514918489142,10786.782902773268,3649600350.544365,511.5888356855367,24572.853827550047,hiphop
6086882991.348358,510.98354597065645,20141.326312026344,4541361565.053974,0.908991377746845,6635.513647630194,4754143812.317656,511.2564660337557,19534.93622408701,hiphop
2362569393.7146482,511.0786731052782,14054.005168018983,4897535872.292781,0.7782502657144252,7654.10608892495,948586994.9279838,511.30331797147613,12320.010727894034,hiphop
4936882660.61434,510.7243050962478,16480.232033132434,4150242894.4783897,1.152161839595007,6852.179117333032,3650204180.112456,511.05344250072545,15565.743170601681,hiphop
4613937562.829435,511.47142507092514,27811.81394815414,5622843186.480566,0.5344275411992717,11789.903430378772,2770356924.251563,511.6269608567343,25228.256679506252,hiphop
5007128925.866705,511.37206421510996,22307.805879882373,4288171260.533659,0.48480071352272114,10542.604716172757,3868689040.5251837,511.5031955003736,20760.82607090241,hiphop
5542718570.479864,511.3834689265411,24632.51876794448,4706041142.543909,0.5199868178906795,7871.810397068098,4126034555.359292,511.51274214026955,24252.592938880574,hiphop
5832414046.408675,511.0069637057774,22609.690021730243,5668751296.333861,0.8520876046278181,10162.189082865707,4083251761.3710194,511.2592596233619,20492.936488228333,hiphop
14151301165.088879,511.27022496292375,24494.504354512534,26245735256.056442,0.9391592676042865,16352.400001852942,3657290802.86238,511.6584481421117,19489.119368008985,hiphop
