Power_mean,Amplitude_mean,Weighted_Mean_Frequency_mean,Power_std,Amplitude_std,Weighted_Mean_Frequency_std,Power_median,Amplitude_median,Weighted_Mean_Frequency_median,Genre
6444251071.489816,511.6571129668777,28542.769497758003,6515405301.355406,0.2367700485600511,11790.99729033357,4356940972.363519,511.695798034299,26909.730444847402,hiphop
7251604383.394549,511.55644703692167,22007.005878717115,5424765217.626115,0.2817721849135613,7243.526389282712,5707303041.320518,511.6049984583657,21279.7192600823,hiphop
2814252284.244669,511.3137973248391,15341.908292322478,5847864252.607438,0.4393912849635632,8369.16775311349,1125650152.05272,511.4027795039686,13476.324595190163,hiphop
5888639351.41786,511.3705859233813,18015.506230405044,4961035635.376494,0.43716346906033104,7466.344747937125,4355113984.765903,511.4681869874717,17053.158685114795,hiphop
5507085596.440137,511.55970493156866,30363.81723822963,6748347717.256707,0.4511857088581879,12903.74008698261,3288025412.04045,511.6895036964987,27452.356111469166,hiphop
5962637995.056714,511.49806357670093,24330.099519997624,5115739535.416587,0.31310296009692234,11511.966685970807,4625596443.9332695,511.56481753233635,22551.253319551382,hiphop
6599248943.341907,511.60059829102164,26905.70943747384,5626105955.695916,0.22161388436465304,8596.978399237598,4858503618.719759,511.6280852165667,26474.389712522854,hiphop
6951886611.1948805,511.55331597327813,24702.970917541912,6801068744.614575,0.2664575370930052,11125.91613969133,4870433433.981577,511.59400049364166,22358.160289861567,hiphop
16868775399.930956,511.5329444769117,26742.852626012504,31386268051.382713,0.5218185913031079,17915.67919720025,4329466537.718636,511.7224090663914,21234.856755167733,hiphop
