Power_mean,Amplitude_mean,Weighted_Mean_Frequency_mean,Power_std,Amplitude_std,Weighted_Mean_Frequency_std,Power_median,Amplitude_median,Weighted_Mean_Frequency_median,Genre
6079378939.308772,511.6061894747081,27746.282641517315,6210751764.798436,0.3263010741891265,11500.913753871142,4053987113.1373734,511.6782133395335,26141.441601723556,hiphop
6843757419.560462,511.2386948474248,21454.731286509526,5162784547.709158,0.6453251899874455,7092.485774391445,5346835921.579563,511.4520917005841,20715.916654364464,hiphop
2654676905.422412,511.3024708228777,14912.9773297063,5551232597.082156,0.5309914433933477,8178.346995353858,1050464317.8007693,511.4002069325701,13056.734676348482,hiphop
5552342383.516503,510.9616339759724,17602.396971339098,4705828707.393142,0.9055005860859741,7307.221131492159,4078609743.835331,511.2060956038969,16679.204991627194,hiphop
5200633337.4438305,511.46821341920753,29500.47685320482,6444477583.808755,0.6339448749087385,12576.195129005768,3069526591.859373,511.6726434449099,26692.641876252015,hiphop
5626632810.005642,511.4911307105929,23659.128158132913,4865191682.697543,0.41693184522658344,11233.991620014918,4314306801.077068,511.5929303653843,21931.37609512441,hiphop
6197120445.344014,511.4389711703205,26220.471668107257,5350087657.917417,0.43071015848858524,8392.425020273586,4517503291.777036,511.5666323318782,25764.029318364708,hiphop
6542343667.537694,511.28762321611487,24059.64894767566,6470021143.465231,0.5576044800863832,10854.738472785664,4600338825.357632,511.4593186413556,21814.547011372022,hiphop
15921608975.53225,511.32795624890986,25994.217536414322,29806382644.737415,0.8344687921306531,17504.865217462648,4085786448.703953,511.68080188200616,20693.399958481503,hiphop
