Power_mean,Amplitude_mean,Weighted_Mean_Frequency_mean,Power_std,Amplitude_std,Weighted_Mean_Frequency_std,Power_median,Amplitude_median,Weighted_Mean_Frequency_median,Genre
845123506.9798133,511.0134389041293,6689.854520900648,969629742.4636521,1.191839226205404,5027.648200496474,563338943.2937338,511.43298227294196,5327.495740015896,jazz
1532126991.10699,510.4966562968542,6996.149760561257,1878934965.9720426,1.5129456207255187,5401.984534584405,729518330.8876333,511.03966179155884,5509.894868507529,jazz
807907217.482165,511.6224043486219,8844.724538214545,468898652.1420569,0.3621241603819438,2825.6764473968383,718070708.766916,511.73507983363703,8526.2150122901,jazz
734641883.8911511,510.95326115566326,4333.190706849543,807741938.4659075,1.276625716777079,2329.227193783384,524563307.125643,511.3078134522887,4003.665391759232,jazz
1971337098.5848863,511.22425708604374,10566.966458899778,1716171464.3207448,0.7010043929255997,4375.653447440651,1557805384.4633987,511.4382060969502,10285.18089915464,jazz
886240400.5279838,511.17789347374924,6982.969192297162,995100501.8291074,0.8787924112086793,4045.4549410636555,595234754.4551599,511.46671893382774,6405.926344501766,jazz
231518995.03160918,509.835572910997,2277.16588152937,441216857.64065063,2.642955824496872,1143.9411699832713,117474692.14587651,510.4790256222032,2053.598845275209,jazz
1485992205.9853883,511.09306967332947,9678.128173765866,1282361432.6971176,0.9603698298628857,4479.102449843095,1146798587.657607,511.43284772674673,8959.220379452454,jazz
721382226.0626507,510.9047727274165,4742.950481896545,892661885.8816143,1.1350745932062223,2455.630017065182,412227175.2220416,511.24567384169325,4353.045193638909,jazz
