Power_mean,Amplitude_mean,Weighted_Mean_Frequency_mean,Power_std,Amplitude_std,Weighted_Mean_Frequency_std,Power_median,Amplitude_median,Weighted_Mean_Frequency_median,Genre
950743052.8405864,511.0839541381773,7208.700809523934,1092563940.3368726,1.0840249644996347,5413.150380780316,626908617.7158813,511.4808415625471,5803.332836319911,jazz
1724424194.0229938,510.8551727517402,7550.433177851015,2118859405.7143223,1.060289658552476,5818.6166335158905,825476536.7417908,511.19767171446733,5981.039553801485,jazz
909030854.5830755,511.68663285072546,9536.621577028287,531722904.5451446,0.3761252047944525,3044.6544922032217,807704272.0775217,511.8192928899285,9211.810518297947,jazz
826972281.6574506,511.19134392584135,4687.642442902344,913255309.9222457,1.2310189533700804,2521.436230975989,594314373.5265677,511.50053901305154,4332.678653607569,jazz
2221069289.98769,511.60889852873686,11400.731912074256,1941437249.884492,0.3685001997962529,4729.870075805148,1764546058.7133627,511.7110259195959,11120.232939872601,jazz
995766967.6838334,511.4114555110972,7510.492213679104,1121476497.908005,0.6903699186327299,4351.984027018987,668680362.2331679,511.6125073064273,6853.260318596689,jazz
260525283.91033572,509.906239633361,2466.332735614226,497899833.4041467,2.654342324782609,1249.1283757681683,132456273.1961331,510.5929393269475,2220.7980605825487,jazz
1669672942.2392793,511.6089093269761,10402.460861175909,1448024856.936183,0.37517462998081974,4815.694264355747,1267249751.2204628,511.7185312277886,9644.728494510131,jazz
812022878.1962107,511.22108924700274,5111.4156257471,1009478680.2862947,0.8901913942964482,2651.186480611096,457732834.86168826,511.44336177388436,4708.896327091572,jazz
