Power_mean,Amplitude_mean,Weighted_Mean_Frequency_mean,Power_std,Amplitude_std,Weighted_Mean_Frequency_std,Power_median,Amplitude_median,Weighted_Mean_Frequency_median,Genre
1007785375.887572,511.0788818698463,7281.433828379734,1157111499.6810856,1.081320950405054,5460.894448498274,660002974.4568547,511.4797443714552,5831.418969285351,jazz
1827364400.1886847,510.86141559867724,7623.829979396289,2241822637.5340433,1.0469812757227173,5850.118724346435,871935488.2679472,511.22271641848863,6009.629815694107,jazz
963214009.7975769,511.74542925039054,9678.762056955702,559785897.3898808,0.30105715830783286,3093.1587353970986,862210977.8901215,511.8496926122227,9338.194913678859,jazz
875796879.6009446,511.2015490980088,4748.100325794211,963708172.408973,1.2062760344123387,2548.051260558001,627770231.5908175,511.5113928015278,4413.501604991152,jazz
2351983173.4907665,511.6270717214369,11544.785743047394,2048456954.2190166,0.3510097533034532,4772.145689918964,1873063965.999569,511.72668284974316,11239.360093543117,jazz
1055860720.5177009,511.4221670096456,7609.7044266341845,1185099404.107355,0.6670225094739621,4394.829321780451,709927571.2268589,511.6071100350687,6946.028039120562,jazz
276114724.8130196,509.94294756733535,2496.367071788971,527005842.88110864,2.641170794425716,1257.868596256581,140442071.66303986,510.60045107112785,2242.5053605830176,jazz
1770369172.4260201,511.65547559569603,10571.10113911274,1526854888.521372,0.32010018297862225,4884.966628879943,1359661837.3258924,511.73910529122793,9802.626835886724,jazz
860357159.300315,511.2519214701504,5183.903473409642,1066163931.19699,0.8826197813445628,2684.0342278076005,489659588.1761466,511.4810280782681,4772.938824073124,jazz
