Power_mean,Amplitude_mean,Weighted_Mean_Frequency_mean,Power_std,Amplitude_std,Weighted_Mean_Frequency_std,Power_median,Amplitude_median,Weighted_Mean_Frequency_median,Genre
5315999561.496332,510.5720242213669,28344.81120474032,3456518529.1697903,0.6750318224818148,10638.695730408755,4326527439.331131,510.67425013734515,26994.13809581071,metal
10639761175.67232,511.8358066062339,36824.42083947907,6155524513.688651,0.14330005579043553,10502.276917680449,9538766794.44653,511.878364247224,35721.50363767697,metal
3247002497.187016,511.2721639834459,23637.54662009511,2216227901.4474897,0.4703744547369921,5626.9969349639405,2635780177.9106627,511.33649032458624,22557.741206753668,metal
3233522231.3420763,511.7034009433041,25920.64050570286,1973538247.568745,0.27041416020495507,10308.001444921903,2958847240.5461636,511.7666183851101,25282.04293979431,metal
14127185302.80593,511.53321410872496,46780.1066798471,15194226256.873,0.484545979983649,15998.553400110697,8905925882.91121,511.6977985898703,44525.30391500294,metal
14234328846.607765,511.569652760962,45951.89744143773,11902793900.853075,0.4378301020990583,18318.342917155405,11518217299.936111,511.71111150949577,46381.76955014538,metal
13912493166.412695,511.33496930441856,39207.07861913201,11384964018.393017,0.651728735079296,16506.27740463591,10451973966.560474,511.5590352477492,40243.761728819416,metal
8334151109.149968,511.50656650907877,32201.274791543263,11226210207.274117,0.7832598506250522,17633.80802042855,4330299747.499182,511.78789723645247,29390.160363381627,metal
11848274057.13889,511.38779385947515,37913.83255074493,12609544515.484774,0.6102632647210715,14933.159825975636,8008743951.373484,511.57811117201834,35271.23604695899,metal
