Power_mean,Amplitude_mean,Weighted_Mean_Frequency_mean,Power_std,Amplitude_std,Weighted_Mean_Frequency_std,Power_median,Amplitude_median,Weighted_Mean_Frequency_median,Genre
5983088533.259743,510.6744376034207,30336.06456334244,3922933508.468066,0.549159884778648,11363.777974670718,4875029961.263195,510.7927178502001,28963.426961557372,metal
11952985336.406319,511.9267230204298,39298.85133053243,7000283464.679907,0.0714412227535117,11203.027758780907,10713955162.099504,511.9464208582492,38263.411594286576,metal
3650669009.037819,511.35144263897854,25156.746801214285,2539435196.386631,0.40342779468607504,6010.09945025751,2958973992.267686,511.40185044746585,24021.59821343735,metal
3641278663.813071,511.75094345925606,27612.910531992165,2247178775.9908133,0.22289455898730492,11047.316645316352,3332318738.143091,511.80781564237805,27065.862010372002,metal
15894281658.870533,511.653887545959,49874.37909987898,17375878633.075512,0.4079868603419421,17065.34353381389,9959229146.584751,511.7959682188465,47445.90183817677,metal
16042183640.947453,511.60304986562335,49007.23061236496,13686891927.179468,0.44460478300535883,19615.532572491655,12918601193.137798,511.7496565519784,49700.63533327931,metal
15709062361.130835,511.46873407941825,41835.441033929645,13137401187.114481,0.6319451501832162,17589.316623853138,11643143655.893612,511.67211616081585,42778.99508163093,metal
9324588595.626245,511.6098596392998,34271.607013370005,12785057603.26041,0.6756003821745858,18808.743769684454,4847296130.426786,511.8183569633771,31437.966319003644,metal
13305830087.490034,511.4878358728945,40366.07148602164,14421915997.496256,0.5620860128537762,15979.42655176734,8942310157.836826,511.66656466529247,37580.82590118717,metal
