Power_mean,Amplitude_mean,Weighted_Mean_Frequency_mean,Power_std,Amplitude_std,Weighted_Mean_Frequency_std,Power_median,Amplitude_median,Weighted_Mean_Frequency_median,Genre
6339845464.189312,510.5943538823582,31006.523447384847,4137007122.539231,0.5825250524298459,11633.292841153334,5168782979.266298,510.7149368021213,29562.836434454377,metal
12669979735.481647,511.8988907410614,40227.046286678284,7341197519.704406,0.08179784951084247,11449.663263045673,11349322243.284874,511.9192607138526,39094.22909212744,metal
3870167657.1039996,511.32781340311584,25820.59380935919,2654981221.8436885,0.39823306226912014,6153.665470479189,3146030108.7703133,511.37018672573777,24614.7022249215,metal
3858083834.9345293,511.76737755723946,28330.42539753907,2361658689.8075676,0.21350385344530598,11298.162030481642,3532147469.5322323,511.8086751771138,27773.541597348172,metal
16829342202.216143,511.7622934661211,51122.204726054784,18175787469.60907,0.2683899527324441,17507.950435768296,10631614340.454742,511.8590645154528,48603.73207316284,metal
16987105858.947462,511.7189948524684,50247.38530334245,14266578820.961382,0.2994814215661641,20061.838950534486,13781621627.243269,511.8056015999735,50845.46576008884,metal
16615073256.525932,511.6230229755961,42881.883662791,13682373056.02502,0.46520263135496137,18036.629628156104,12373845871.570175,511.76864804603923,44020.917914537225,metal
9930061582.406012,511.73309607946277,35200.04056704166,13469419260.121794,0.43683412797106747,19314.573330770407,5171991129.36413,511.85610586480516,32209.776388996248,metal
14117240230.542675,511.69032254687096,41415.09628167659,15119093121.939493,0.34393486163170134,16345.421227167815,9551800172.903933,511.80850697810024,38527.68131667222,metal
