Power_mean,Amplitude_mean,Weighted_Mean_Frequency_mean,Power_std,Amplitude_std,Weighted_Mean_Frequency_std,Power_median,Amplitude_median,Weighted_Mean_Frequency_median,Genre
34682642737.82355,511.6824695267853,76737.9038749482,29867015378.24766,0.3615777123594247,37033.38834744697,24924856604.05096,511.82178053553827,69256.02071675204,pop
26108381275.433434,511.77503002152696,61078.14648157867,24566077252.995922,0.271634908175986,30079.41030293257,17479128872.793526,511.84982220201454,56137.40038811951,pop
29512235660.988888,511.8507413125821,62401.54607418762,26371831169.50492,0.1319824742710867,24856.115782846347,20116970457.052444,511.88583882521436,56373.61587901408,pop
20404575460.534763,511.25923366034004,53365.8296233274,18693202203.9115,0.8685631251294966,25886.91428484843,14457772624.974684,511.5279168161768,49752.93040357024,pop
44156805662.55329,511.61488918584246,67918.79589423332,35117621535.38159,0.45048623843645874,31324.121371030113,33653533825.591003,511.77043065603675,62105.76838874323,pop
29571572436.95656,511.678314444705,56595.07987714312,21121154078.413902,0.4582018830783719,30028.757855134092,25010463196.787468,511.8044834803279,50349.27996871843,pop
26755988190.342094,510.18840327481155,35462.75578492131,36005244699.040016,2.019080520321352,24038.67707024238,8697004467.758226,510.97295052790645,31042.597550873026,pop
22379101016.353123,511.7913109679241,63629.689052610825,18662869228.906242,0.2363975030336686,35471.02839728192,16641634393.050413,511.86571807567805,57403.49524397589,pop
9399377448.632812,505.8184131287484,30578.752107865785,8066343086.374092,4.690169887836789,16644.27594668633,7920554841.470968,507.1377603425991,27782.777294849693,pop
