Power_mean,Amplitude_mean,Weighted_Mean_Frequency_mean,Power_std,Amplitude_std,Weighted_Mean_Frequency_std,Power_median,Amplitude_median,Weighted_Mean_Frequency_median,Genre
32746302433.29329,511.64833499722454,74737.2147524687,28405940452.148422,0.4125823239911613,36093.737228320795,23440025738.71206,511.8090286106948,67492.63716641431,pop
24632198213.16161,511.6333262928338,59475.86214661368,23342124595.974987,0.40938057435557773,29325.86957182496,16422925812.58273,511.76489138555485,54688.75996891228,pop
27832450662.409756,511.84043537797834,60943.508630033626,25052604727.257046,0.14883489048532586,24277.857681588983,18957113288.63835,511.879499540497,55364.15658802915,pop
19264289633.542248,511.1733436873081,52294.30761143122,17765120387.010475,0.9295441325403202,25291.34834274418,13575507222.52195,511.4287986222771,48852.47410441663,pop
41627834804.02352,511.50392164289684,66332.99763760067,33384946947.71485,0.5386891501915544,30546.922903812858,31634994986.44352,511.6709672630265,60865.124219593585,pop
27890268571.386795,511.5499176613151,55398.274741059904,20023198019.98852,0.5776533251336728,29323.829184384922,23694872654.81669,511.72016975673756,49642.62967120258,pop
25245969759.349003,510.17718395070204,34517.08910584245,34045899696.46881,2.102843549269791,23501.673866600988,8227597522.019865,510.94180835888045,30233.637313555777,pop
21127467695.253056,511.72720208967115,61915.62062170384,17798766863.0167,0.30722517465914173,34662.63955210344,15655317245.535557,511.8308883719989,55516.78022331073,pop
8864681987.551058,506.16971390447895,29890.765072064194,7651503723.994591,4.484593726918552,16217.625931923803,7439656343.955466,507.43774288180623,27298.641837988333,pop
