Power_mean,Amplitude_mean,Weighted_Mean_Frequency_mean,Power_std,Amplitude_std,Weighted_Mean_Frequency_std,Power_median,Amplitude_median,Weighted_Mean_Frequency_median,Genre
29093487515.407917,511.5189077384486,70371.34213108831,24999740973.10306,0.633101411901516,33831.92395066279,20824135366.557453,511.75267943699055,63634.65038591856,pop
21913285533.32544,511.3914681614456,56017.20525786348,20583347175.80298,0.683069031988757,27514.47277327296,14603905980.514606,511.5900980756287,51615.61911545039,pop
24773289341.18619,511.3655902695971,57217.32282275125,22069504431.349377,0.6403072463221485,22720.49395276121,16887392812.168894,511.57753244523894,51966.897662018935,pop
17112352476.758623,511.1394824303686,48847.5040899087,15648827457.334373,0.8902029920936292,23703.775379914583,12121811814.118052,511.40107521229754,45641.624093288716,pop
37059061818.03409,511.3504445397611,62210.318763009986,29373530205.52548,0.6439263671162262,28661.422141420466,28184175817.923515,511.5508834414096,56699.58394181847,pop
24793701520.129044,511.4228554966718,51848.06887383395,17669319516.337074,0.6476095400729547,27474.381557392488,20984730699.693295,511.6441016979249,46062.711724592606,pop
22359705753.661953,509.9036767066442,32401.834459458714,30061891800.144405,2.1722948508578175,21953.068369840184,7382524267.776516,510.74639433262416,28094.807196378075,pop
18761186440.099785,511.59645997586495,58374.61102350584,15597538886.035994,0.5502827923033744,32420.86881569928,13904707097.927618,511.79188969695497,53156.30494289261,pop
7881209070.463101,505.7136456719985,27972.349653571102,6731150973.368383,4.798433804824071,15207.420653163881,6669057499.516891,506.9482000936434,25457.40494237526,pop
