Power_mean,Amplitude_mean,Weighted_Mean_Frequency_mean,Power_std,Amplitude_std,Weighted_Mean_Frequency_std,Power_median,Amplitude_median,Weighted_Mean_Frequency_median,Genre
2307934734.6847024,511.35914107318115,15994.86594112569,2250618325.7691083,0.6982763004022835,7276.949038111951,1677840345.5942335,511.5920211016423,15805.909276114402,reggae
4161005997.573422,509.80007661662614,20877.572684344417,4097790141.786397,1.6940872370544895,9481.713125226142,3082594035.1559706,510.3073245520726,20908.10911513505,reggae
5505761314.718315,511.48570696737727,23160.271529890706,4763997228.040669,0.5538685967027386,13798.154881092061,4163790003.5869036,511.6593633410554,18748.35265003411,reggae
7984663498.998708,511.90585977413957,30196.549297929236,4741261785.03227,0.08394093952361845,11324.202331822,7364868878.560341,511.9267455396362,29724.330687317575,reggae
12473718997.422989,511.61499700357166,38636.2926284383,13418450731.161587,0.4685714165841663,20858.302213822124,6999782577.296136,511.7560081028256,31666.002844661278,reggae
12915239100.423294,509.8351979040292,25766.148151439513,11225467087.897707,2.0004931083626247,14294.630506442858,10914842679.788752,510.5204971278518,23703.977445196688,reggae
6128967587.01567,508.71073915001944,22922.69854244124,5760637446.579981,2.6856004572587553,12543.006131587737,4394127634.390013,509.53324174734394,20314.917407921705,reggae
8950530407.467726,510.86284387683895,24568.351997275924,6896140266.288659,1.5523405642524102,12335.626655298867,7475480358.665733,511.3939773916675,22856.693438645663,reggae
13911402541.334703,511.8584493325906,45401.66182354682,7135253079.49374,0.15050924152376022,21890.566948159838,12746955343.621181,511.9030545715755,42057.47389543602,reggae
