Power_mean,Amplitude_mean,Weighted_Mean_Frequency_mean,Power_std,Amplitude_std,Weighted_Mean_Frequency_std,Power_median,Amplitude_median,Weighted_Mean_Frequency_median,Genre
2052948537.108843,511.43338636878025,14999.076866669642,1986433804.860801,0.6364235102134835,6797.754085926678,1506973174.2214122,511.6319314948729,14896.648628005873,reggae
3700218791.4882493,509.68443246276127,19567.209606585326,3618179784.237003,1.7305251179187517,8845.047262286314,2738041081.4406214,510.218280699764,19616.99956531261,reggae
4893137738.573316,511.34776561632026,21683.317235647053,4203938561.1940637,0.6501479032878513,12893.166774694937,3716018616.2030067,511.5398079819534,17590.65986936113,reggae
7105414263.120072,511.7588607569144,28297.199744398276,4198136358.070607,0.19933466726645707,10637.030543419101,6585617429.643276,511.8004341925076,27641.37186455093,reggae
11107328606.88636,511.55089945277825,36318.03077079748,11819944737.96465,0.49043305611580096,19582.520789889124,6369306411.302154,511.7045581983609,30491.560769822576,reggae
11479725047.466732,509.61711563631,24130.200442295663,9932639676.158146,2.234718853479773,13374.7934046262,9665614689.911585,510.3694320286374,22237.984050566443,reggae
5448348934.098263,508.47581711300444,21408.76087936692,5099184794.87757,2.819393263163196,11724.67361748037,3954054682.5975275,509.3089975431956,18986.7353637977,reggae
7950879297.374383,510.4196726835375,22967.494286659312,6076141748.919182,1.752203722210072,11479.351605941787,6613131700.453218,510.9827730615178,21208.84804788945,reggae
12376662931.158165,511.73507969354245,42631.51866686076,6276992707.054631,0.2993540865311686,20524.354474942873,11303770032.422096,511.8373234193537,39302.85849200969,reggae
