Power_mean,Amplitude_mean,Weighted_Mean_Frequency_mean,Power_std,Amplitude_std,Weighted_Mean_Frequency_std,Power_median,Amplitude_median,Weighted_Mean_Frequency_median,Genre
2448996418.028401,511.50327741176085,16372.748791881419,2373980699.9875364,0.5264427174582408,7431.3014481235305,1786952024.1896079,511.67052918453345,16178.777857803738,reggae
4414452620.332217,509.73145461870035,21370.182382278144,4318781729.580014,1.6783910680321201,9675.915942967358,3280936491.388072,510.2777817848031,21368.939439586928,reggae
5829832345.485163,511.54324184759673,23677.30206292646,5016703407.706029,0.4821357986929434,14093.853080076033,4401175982.199533,511.68890762306137,19197.096778269704,reggae
8465956395.892802,511.8631403237042,30881.46108097681,4993886510.3277855,0.12355050147758831,11605.10915373078,7858097889.443152,511.9009562343129,30228.733038557606,reggae
13227011281.669403,511.6019146202874,39613.575577411415,14117397807.985718,0.4498913913757647,21365.893550443066,7517888448.213743,511.73106258520994,32782.812581139166,reggae
13689570091.300217,509.73082012589504,26379.95818750586,11863818409.741913,2.0689220211615984,14592.064683446384,11551348207.575283,510.4462721059239,24316.472623710077,reggae
6495204420.662851,508.51499470874,23367.5002582048,6086902467.869232,2.8115587129277904,12805.712941421267,4684048641.797199,509.3525803187683,20791.467405325206,reggae
9478082033.3815,511.00618390223167,25087.649893316997,7256488526.190147,1.282805479591928,12550.812243491253,7938518705.289337,511.4310974655694,23282.754143930106,reggae
14749983413.80979,511.8636382884506,46485.05186018292,7501893331.094937,0.14769733100383323,22460.82894990152,13527376198.727652,511.9118599175058,42736.9265153881,reggae
