Power_mean,Amplitude_mean,Weighted_Mean_Frequency_mean,Power_std,Amplitude_std,Weighted_Mean_Frequency_std,Power_median,Amplitude_median,Weighted_Mean_Frequency_median,Genre
5193235877.599131,511.9306400524252,35388.790417603166,1618626440.5195918,0.05646946008687871,8564.32789302506,4980359586.098326,511.94347235270595,34681.55015950084,rock
5041097298.560717,511.94734724743154,35141.17956230816,2045044131.0086277,0.044160618316345414,8604.611832391025,4706365155.52599,511.95807596041806,33648.447956877586,rock
5082143845.219026,511.88250196967664,26438.06692278971,2429538036.3890166,0.08845603776132178,7235.41051370025,4620690379.294748,511.89390003243443,25314.381052083765,rock
4699302975.424127,511.90979856749067,30933.412079214722,2080284878.1127307,0.07002059151296923,7359.7088248374275,4338325258.688369,511.9228902725118,30647.45112945124,rock
2911360652.748652,511.89228129510764,19342.05832107386,1541003995.8776069,0.09094329066713401,7537.89864970259,2614595498.2093763,511.9186413855573,18639.152260921703,rock
2820454417.1155972,511.9033615866753,20283.358922409614,1871455644.5227897,0.08003293953152096,8117.961838590025,2521126386.1514893,511.9231687074608,20396.66971418258,rock
3044723596.332951,511.91155372810084,23213.835512085887,1680699602.7789657,0.08446464803964142,7686.902723570011,2633370837.3793297,511.93501120528845,22341.21070461492,rock
3602520430.1591287,511.7833553485755,14588.504587962296,2449569809.696621,0.26504684602205886,7429.837282480477,3408016028.8578424,511.8569394335806,15440.047975914698,rock
1442665788.597383,511.86228168960406,11843.172784008531,1096318892.796185,0.14038541021647932,7586.100637237002,1133784628.7934217,511.9039147342373,9617.997318434289,rock
