Power_mean,Amplitude_mean,Weighted_Mean_Frequency_mean,Power_std,Amplitude_std,Weighted_Mean_Frequency_std,Power_median,Amplitude_median,Weighted_Mean_Frequency_median,Genre
4354520026.546069,511.82669726950655,32376.35274050019,1352846586.2882419,0.17448023682981473,7857.394978495823,4169640237.533867,511.8815249351124,31817.38796019971,rock
4228623460.039897,511.9158674483057,32159.420413354757,1706982187.6600132,0.06752632812698697,7864.427520949951,3941767552.8123236,511.9307324989758,30871.60841497271,rock
4259754796.983576,511.79216041165347,24169.832023565046,2029400061.5567596,0.2060448721675805,6621.645585538031,3910628634.595949,511.8505273326008,23184.14881872639,rock
3942779508.4177284,511.83971217738576,28276.91929040995,1738725117.6699963,0.1874915159831266,6731.051119945022,3658721040.949684,511.9003757652093,28084.162404696464,rock
2442509078.4911036,511.6770484538053,17686.335233440306,1290141010.5896578,0.28148943415794186,6899.840461436105,2198313909.4449673,511.7526179560539,17058.15404459548,rock
2366575969.6689982,511.7345402469783,18547.936178035205,1569899627.256348,0.23887846496649578,7428.685938329976,2123519295.176451,511.7906230439039,18710.86153223808,rock
2552843943.3412166,511.84729321143203,21226.77248600685,1404982061.072205,0.1519428025698286,7041.494273380398,2195636278.8269987,511.8875176018943,20467.241835444078,rock
3019864852.3756704,511.4646116941671,13331.84802388262,2049714176.090849,0.503820176326817,6788.181291430808,2839653615.10159,511.62509345968596,14063.26979321317,rock
1208989224.3102036,511.55263561273904,10820.592118368684,917149297.0161604,0.565003662556468,6937.266575606347,948688073.3730571,511.7801652726399,8784.329959614055,rock
