Power_mean,Amplitude_mean,Weighted_Mean_Frequency_mean,Power_std,Amplitude_std,Weighted_Mean_Frequency_std,Power_median,Amplitude_median,Weighted_Mean_Frequency_median,Genre
4900246338.847722,511.92607651707584,34570.1677609756,1547700046.7728817,0.06596761148468451,8315.556888973852,4700692942.667152,511.9446846472825,33850.948516808356,rock
4752691615.225306,511.96825523635346,34280.2078173135,1953332110.7349036,0.02711598812265145,8390.343817465828,4417058910.194732,511.9750045637038,32772.34414078506,rock
4794264333.725224,511.8966776910625,25929.964661490016,2311471324.928141,0.11896651830383245,7070.117735544703,4362212781.740873,511.939576233474,24762.5852230359,rock
4434143830.775188,511.9459369975959,30337.984173304332,1974378740.098921,0.05746861950024864,7230.976379963302,4081234291.7044544,511.96180910242504,30185.054861941935,rock
2747493036.637124,511.8986558290678,18960.6255319746,1462422433.250483,0.09659405119176616,7336.012779961175,2467404308.3683605,511.9245151174423,18259.880909139043,rock
2662505130.770781,511.91075646063473,19865.19886332066,1776559715.1753693,0.091074137503415,7925.111427961838,2377554866.557196,511.9378890434693,19927.650518084556,rock
2872558792.975929,511.9303807322808,22695.561135872482,1601795330.803447,0.07336401066815565,7482.548513589981,2474624777.718992,511.9526571729256,21761.68485420476,rock
3399278958.4991107,511.7757352565893,14299.499443844974,2326657522.667826,0.26843445240284913,7266.519208805032,3195742206.881096,511.8615575341462,15127.483504651605,rock
1361397385.4611683,511.86121896212654,11663.87583279182,1036893428.0489019,0.15138249493548794,7411.304119655018,1063482375.8130769,511.91148401175207,9505.508937948529,rock
